scene	check	value	limit	verdict
27-find-open	page_reflow_px	0	le 0	pass
30-find-cleared	selection_pixels	0	le 0	pass
34-url-suggestions	rail_reflow_px	0	le 0	pass
48-flash-expired	flash_cleared_px	206.506	ge 1	pass
53-theme-appearance-fresh-light	stale_colour_px_vs_52	0	le 0	pass
55-theme-appearance-fresh-dark	stale_colour_px_vs_54	0	le 0	pass
56-theme-prompt-to-light	allow_label_contrast	4.78	ge 3	pass
57-theme-prompt-fresh-light	stale_colour_px_vs_56	0	le 0	pass
58-theme-newtab-to-light	lamp_label_contrast	15.23	ge 3	pass
59-theme-newtab-fresh-light	stale_colour_px_vs_58	0	le 0	pass
